gene	num_cancer_types
CTNNB1	11
TP53	36
ATRX	7
MEN1	5
FAT4	14
NF1	21
ZNRF3	1
KMT2C	23
DAXX	1
KMT2A	8
SETBP1	1
RB1	22
POLE	2
TNC	3
BCOR	13
PRKAR1A	1
KDM6A	10
KMT2D	23
PIK3CA	26
ARID1A	20
FGFR3	5
CREBBP	12
ERBB2	12
STAG2	7
EP300	12
ERCC2	2
ELF3	3
FAT1	16
BIRC6	13
ERBB3	9
CDKN1A	3
ATM	16
TRRAP	10
TSC1	7
HRAS	10
RXRA	1
FBXW7	15
NFE2L2	8
BRCA2	11
KRAS	21
ASXL2	1
CDKN2A	18
RHOA	8
ARHGAP35	8
ZFP36L1	1
ARID1B	13
SF3B1	10
ASXL1	8
KLF5	3
HLA-A	9
H3C2	4
CDH1	6
GRIN2A	3
BRAF	17
SMARCA4	13
ERBB4	9
MTOR	10
PSIP1	1
PTEN	24
NOTCH2	7
RBM10	5
CYLD	5
ZFHX3	9
GNA13	2
CSMD3	17
PIK3CB	3
BRCA1	5
HSPG2	1
ARHGAP5	4
NACA	3
NCOR1	9
FLT4	8
GPAA1	1
SNX29	1
RAF1	1
TP63	4
TRIP11	1
AKAP9	8
ETV6	2
BRD4	3
TSC2	9
DDB2	1
KAT7	1
PREX2	11
ARHGEF10	1
PTPN13	2
NSD1	7
CDK12	8
CASP8	6
MYH9	6
RAP1B	1
LRIG3	1
IDH2	5
ZNF429	4
PTPRK	1
IRS4	2
CHD2	1
FBLN2	6
FGFR1	5
RNF213	10
TAF15	2
NOTCH1	16
TERT	6
GATA3	2
MAP3K1	9
ESR1	5
AKT1	6
MAP2K4	5
FOXA1	3
FAT3	16
TBX3	3
CBFB	1
RUNX1	3
PIK3R1	13
SPEN	6
LRP1B	24
CTCF	4
ATP2B3	1
AR	9
CDKN1B	3
FGFR2	5
MYH11	7
AFDN	1
DNMT3A	7
MED23	1
FOXP1	2
ZMYM3	6
SMAD4	12
PTPRD	7
EPHA3	5
RGS7	5
NCOR2	6
ETV1	2
ACVR1B	4
EIF4A2	1
ABL2	2
ELN	1
HOXC13	1
CACNA1D	3
KLF4	2
ZXDB	1
JAK2	1
TBL1XR1	3
NTRK1	1
JAK1	4
GNAS	5
PPM1D	2
NBEA	9
KMT5A	1
RHPN2	3
ATP1A1	1
UBR5	3
KDR	5
CUX1	6
CSPG4	1
MAX	3
CHEK2	1
USP6	5
DDX3X	6
SETDB1	7
EGFR	7
ARHGEF12	1
MYO5A	2
POLD1	2
LATS1	4
MECOM	5
CSF1R	2
HSP90AA1	1
CLTC	5
KAT6B	3
CD209	3
PLAG1	2
FUBP1	2
ALK	3
NUMA1	2
SMARCD1	1
BAP1	12
MED12	6
MAPK1	3
STK11	5
HLA-B	4
EIF3E	1
TGFBR2	6
NF2	8
SND1	1
B2M	4
FAS	2
ERCC3	2
MCM7	1
SIRPA	1
CLIP1	1
IDH1	9
PBRM1	11
EPHA2	1
ARID2	13
NRAS	16
APC	11
CTNNA2	8
CDH11	6
ANK1	5
GPC5	2
KEAP1	5
N4BP2	2
U2AF1	8
PTCH1	7
PRKD1	2
IKZF3	2
ARAF	2
USP9X	5
RNF43	10
TCF7L2	4
AMER1	3
SOX9	2
DCAF12L2	4
ROBO2	7
BCL9	2
BCL9L	1
SMAD2	1
CHD4	5
PCBP1	1
TSHR	2
TET1	5
PIM1	2
BCL2	2
BTG1	2
MYD88	2
CARD11	4
SGK1	1
BTG2	1
EZH2	3
P2RY8	1
CD79B	1
MEF2B	1
TNFRSF14	1
TMSB4X	1
STAT3	1
SOCS1	2
BCL6	1
EBF1	2
PRDM1	1
XPO1	1
POU2F2	1
MAP2K1	5
IRF4	1
TNFAIP3	1
STAT6	1
NFKBIE	2
NFKBIA	1
CIITA	2
PTPN6	2
CD58	1
BCL10	1
BCR	3
PABPC1	5
LYN	1
PRKCB	4
RASA2	1
RBM38	1
BCL11B	2
CD274	1
TCL1A	1
MALT1	1
BCL7A	1
DGCR8	3
PAX5	2
HLA-C	1
DOT1L	1
PTPRC	3
FHIT	1
NFKB2	2
CXCR4	2
CCR7	1
UBE2A	1
CCND3	1
ID3	1
CTNND2	7
ZNF750	2
PTPRT	7
ZNF208	1
NRG1	2
ZNF521	5
DCC	4
SETD1B	6
KAT6A	1
TGFBR1	1
MSN	1
NCOA2	4
IL7R	3
GRM3	2
CDX2	1
AXIN1	4
CBL	1
CANT1	1
NUTM1	2
PTPN11	3
LZTR1	4
ACSM3	1
FGFR4	2
UBXN11	1
TCF12	2
QKI	2
RAD50	1
KNL1	2
PDGFRA	3
NVL	1
RPL5	3
COL1A1	3
MYCN	2
PCM1	1
TAL2	1
EWSR1	2
ZEB1	4
FAM135B	7
AJUBA	1
RASA1	2
RAC1	3
MB21D2	3
SDCBP	1
KIF5B	1
ACVR1	2
GATA2	1
ROS1	5
MPL	1
CSF3R	1
CCND1	2
MIB2	1
ELK4	1
KDM5C	6
VHL	4
SETD2	13
MET	6
ARHGEF10L	2
CIC	4
ZBTB20	1
NIPBL	1
NKX2-1	1
PLCG1	2
CDKN2C	1
RUNX1T1	6
SDHA	2
ELF4	1
POT1	3
CHRDL1	1
RANBP2	4
RPS6KA3	1
ACVR2A	6
PMS2	1
RGPD3	4
FUS	1
GNAQ	4
TOP1	1
IL6ST	2
HNF1A	1
BRD7	2
KMT2B	1
DHX9	1
CLTCL1	2
USP8	2
MUC6	3
WNK2	3
HNRNPA2B1	1
AFF4	1
TAL1	1
SMO	2
GMPS	1
RPL22	1
EPHA7	2
TFG	1
LEF1	1
NPM1	1
PRDM2	1
TPR	1
DDR2	1
CDH10	5
MGA	3
CMTR2	1
ATF7IP	2
PARP4	1
PER3	1
FLCN	1
CRLF2	1
VAV1	1
SLC34A2	1
AFF3	2
CBLB	1
RBM15	1
PHF6	1
MACC1	1
DROSHA	2
CUL3	1
MAML2	1
RAD21	1
NUP98	1
POLQ	3
LATS2	2
SUSD2	1
PSPC1	1
NRK	1
NSD3	1
BIRC3	1
FOXO1	1
HLA-DQA1	1
TRAF7	1
PI4KA	1
FLG	1
SRGAP3	1
PDZD2	1
PTPRB	6
SHTN1	1
CYP2C8	2
NIN	2
FOXL2	1
PPP2R1A	6
PALB2	1
ACKR3	1
STAT5B	1
WWTR1	1
ELL	2
NCOA1	1
WT1	2
ALPK1	1
FCRL4	1
LPA	1
FMN2	1
PEG3	1
COL6A6	1
NFATC2	2
PTPN3	1
MARK2	1
BCORL1	1
SMAD3	1
EPAS1	1
RET	4
MLLT6	1
SPOP	4
CASZ1	1
BMP6	1
MYEOV	1
SUZ12	1
BCLAF1	4
CNOT3	1
FGD1	1
FAM174B	1
ZBTB16	1
BARD1	1
RBFOX1	1
TMPRSS2	1
ZMYM2	1
CAMTA1	2
TRIM24	1
TFRC	1
EPS15	1
SOX21	1
EIF1AX	5
FANCA	1
ACSL6	1
ALDH2	1
NTRK2	1
ABCC4	1
PDGFRB	2
ZBTB48	1
ERG	1
GLI1	1
MDM2	1
DDX6	1
PPP6C	3
DICER1	3
KIT	3
CADM2	1
PLXNC1	1
CDK4	1
CNOT9	2
COL6A3	1
KLF6	1
LIFR	1
ATR	2
GNA11	2
MLLT3	1
PDCD1LG2	2
MDGA2	1
HSP90AB1	1
AFF1	1
IKZF1	1
KNSTRN	1
AKT3	1
TRIM49C	1
ZNF814	1
MAP2K7	1
PPP3CA	1
TOP2A	1
ITGAV	1
RELA	1
BMPR1A	1
NTRK3	1
GSK3B	1
PWWP2A	1
RECQL4	1
ZCCHC8	1
PTMA	1
COL2A1	1
HIF1A	1
PICALM	1
GTF2I	1
HDAC4	1
CNTRL	1
FOXA2	1
INPPL1	1
SOX17	1
SOS1	1
RRAS2	1
ING1	1
ABL1	1
RBM39	1
CDC73	1
LSM14A	1
NCKIPSD	1
ZBTB7B	1
HIP1	1
WNT1	1
CYSLTR2	1
TENT5C	1
MYC	1
H3-3A	1
