cancer_type	tissue	cancer_cell_lines	keyword
ACC	Adrenal Gland		adrenal gland
BLCA	Bladder		urinary bladder,bladder microvascular endothelial cell,smooth muscle cell of bladder,mucosa of urinary bladder,urothelial cell
BRCA	Breast	MCF-7,T47D	breast,breast epithelium,MCF 10A,mammary epithelial cell,luminal epithelial cell of mammary gland,myoepithelial cell of mammary gland,mammary stem cell,mammary microvascular endothelial cell,mammary gland epithelial cell,fibroblast of mammary gland,adipocyte of breast,preadipocyte of the breast,fibroblast of breast
CESC	Cervix	HeLa-S3	ectocervix,endocervix,uterine smooth muscle cell,uterine cervix
CHOL	Biliary		mucosa of gallbladder,bile duct,gallbladder
COAD	Colon	HCT116,HT-29,Caco-2,SW480,RKO,LoVo	colonic mucosa,sigmoid colon,transverse colon,left colon,large intestine,mucosa of descending colon,colon,intestinal epithelial cell,smooth muscle cell of colon,muscle layer of colon,enteric smooth muscle cell
DLBC	Lymphoid	Karpas-422,OCI-LY7,OCI-LY1,OCI-LY3,NAMALWA,Raji,SU-DHL-6	lymphoblast,B cell,naive B cell,IgD-negative memory B cell,memory B cell,lymph node,tonsil,spleen
ESCA	Esophagus		esophagus,esophagus mucosa,esophagus muscularis mucosa,esophagus squamous epithelium,gastroesophageal sphincter,epithelial cell of esophagus,smooth muscle cell of the esophagus
GBM	CNS	U-87 MG,A172,M059J,Daoy,SH-SY5Y,SK-N-DZ,SK-N-MC,SK-N-SH,PFSK-1,UCSF-4	brain,frontal cortex,dorsolateral prefrontal cortex,cerebellum,cerebellar hemisphere,temporal lobe,anterior cingulate cortex,occipital lobe,parietal lobe,caudate nucleus,hypothalamus,putamen,amygdala,nucleus accumbens,substantia nigra,diencephalon,astrocyte,astrocyte of the cerebral cortex,astrocyte of the cerebellum,astrocyte of the hippocampus,astrocyte of the spinal cord,astrocyte of the spinal cord,oligodendrocyte precursor cell,neural progenitor cell,neuronal stem cell,neural cell,neuron,glutamatergic neuron,motor neuron,neurosphere,brain microvascular endothelial cell,brain pericyte,leptomeningeal cell,central nervous system pericyte,cerebellar cortex,middle frontal gyrus,middle temporal gyrus,angular gyrus,cingulate gyrus,dorsal plus ventral thalamus,corpus callosum,head of caudate nucleus,occipital pole,paracentral gyrus,postcentral gyrus,posterior cingulate gyrus,globus pallidus,pons,medulla oblongata,locus ceruleus,insula,Ammon's horn,germinal matrix,Purkinje cell,cranial nerve II,spinal cord,ecto neural progenitor cell
HNSC	Head		tongue,anterior lingual gland,nasal cavity respiratory epithelium epithelial cell of viscerocranial mucosa,mouth mucosa,throat,gingival epithelial cell,saliva-secreting gland,parotid gland,submandibular gland,tonsil,fungiform papilla,olfactory epithelial cell,olfactory region
KICH	Kidney	G401,Caki2,RCC,RCC 7860	kidney,left kidney,cortex of kidney,renal cortex interstitium,right renal cortex interstitium,left renal cortex interstitium,renal pelvis,left renal pelvis,right renal pelvis,outer medulla of kidney,kidney epithelial cell,renal cortical epithelial cell,epithelial cell of proximal tubule,metanephros,mesangial cell,glomerular endothelial cell,glomerular visceral epithelial cell,kidney tubule cell,nephron,nephron progenitor cell,nephron tubule epithelial cell,kidney capillary endothelial cell,ureter,HK-2
KIRC	Kidney	G401,Caki2,RCC,RCC 7860	kidney,left kidney,cortex of kidney,renal cortex interstitium,right renal cortex interstitium,left renal cortex interstitium,renal pelvis,left renal pelvis,right renal pelvis,outer medulla of kidney,kidney epithelial cell,renal cortical epithelial cell,epithelial cell of proximal tubule,metanephros,mesangial cell,glomerular endothelial cell,glomerular visceral epithelial cell,kidney tubule cell,nephron,nephron progenitor cell,nephron tubule epithelial cell,kidney capillary endothelial cell,ureter,HK-2
KIRP	Kidney	G401,Caki2,RCC,RCC 7860	kidney,left kidney,cortex of kidney,renal cortex interstitium,right renal cortex interstitium,left renal cortex interstitium,renal pelvis,left renal pelvis,right renal pelvis,outer medulla of kidney,kidney epithelial cell,renal cortical epithelial cell,epithelial cell of proximal tubule,metanephros,mesangial cell,glomerular endothelial cell,glomerular visceral epithelial cell,kidney tubule cell,nephron,nephron progenitor cell,nephron tubule epithelial cell,kidney capillary endothelial cell,ureter,HK-2
LAML	Myeloid	K562,THP-1,HL-60,KBM-7,NB4,BLaER1	hematopoietic multipotent progenitor cell,mononuclear cell,peripheral blood mononuclear cell,blood,bone marrow,bone marrow cell,myelocyte,erythroblast,reticulocyte,neutrophil,eosinophil,basophil,monocyte,CD14-positive monocyte,venous blood,stromal cell of bone marrow,HS-27A,HS-5
LGG	CNS	U-87 MG,A172,M059J,Daoy,SH-SY5Y,SK-N-DZ,SK-N-MC,SK-N-SH,PFSK-1,UCSF-4	brain,frontal cortex,dorsolateral prefrontal cortex,cerebellum,cerebellar hemisphere,temporal lobe,anterior cingulate cortex,occipital lobe,parietal lobe,caudate nucleus,hypothalamus,putamen,amygdala,nucleus accumbens,substantia nigra,diencephalon,astrocyte,astrocyte of the cerebral cortex,astrocyte of the cerebellum,astrocyte of the hippocampus,astrocyte of the spinal cord,oligodendrocyte precursor cell,neural progenitor cell,neuronal stem cell,neural cell,neuron,glutamatergic neuron,motor neuron,neurosphere,brain microvascular endothelial cell,brain pericyte,leptomeningeal cell,central nervous system pericyte,cerebellar cortex,middle frontal gyrus,middle temporal gyrus,angular gyrus,cingulate gyrus,dorsal plus ventral thalamus,corpus callosum,head of caudate nucleus,occipital pole,paracentral gyrus,postcentral gyrus,posterior cingulate gyrus,globus pallidus,pons,medulla oblongata,locus ceruleus,insula,Ammon's horn,germinal matrix,Purkinje cell,cranial nerve II,spinal cord,ecto neural progenitor cell
LIHC	Liver	HepG2,HuH-7,HuH-7.5	liver,left lobe of liver,right lobe of liver,hepatocyte,hepatic stellate cell,hepatic mesenchymal stem cell
LUAD	Lung	A549,Calu3,NCI-H226,NCI-H460,PC-9	lung,left lung,right lung,lower lobe of left lung,upper lobe of left lung,lower lobe of right lung,upper lobe of right lung,epithelial cell of alveolus of lung,lung microvascular endothelial cell,bronchial epithelial cell,bronchial smooth muscle cell,airway epithelial cell,bronchus fibroblast of lung,lung fibroblast,pneumocyte,trachea,tracheal epithelial cell,respiratory epithelial cell,respiratory system smooth muscle
LUSC	Lung	A549,Calu3,NCI-H226,NCI-H460,PC-9	lung,left lung,right lung,lower lobe of left lung,upper lobe of left lung,lower lobe of right lung,upper lobe of right lung,epithelial cell of alveolus of lung,lung microvascular endothelial cell,bronchial epithelial cell,bronchial smooth muscle cell,airway epithelial cell,bronchus fibroblast of lung,lung fibroblast,pneumocyte,trachea,tracheal epithelial cell,respiratory epithelial cell,respiratory system smooth muscle
MESO	Mesothelium		mesothelial cell of epicardium,mesothelial cell
OV	Ovary		ovary,fallopian tube,left ovary,right ovary,female gonad
PAAD	Pancreas	Panc1	pancreas,body of pancreas,endocrine pancreas,progenitor cell of endocrine pancreas,type B pancreatic cell,stromal cell of pancreas,islet precursor cell
PCPG	Adrenal Gland		adrenal gland
PRAD	Prostate	PC-3,22Rv1,DU 145,LNCaP clone FGC,VCaP,RWPE2	prostate gland,epithelial cell of prostate,smooth muscle cell of prostate,prostate stromal cell,seminal vesicle,RWPE1
READ	Colon	HCT116,HT-29,Caco-2,SW480,RKO,LoVo	sigmoid colon,transverse colon,large intestine,rectum,mucosa of rectum,rectal smooth muscle tissue
SARC	Sarcoma	SJCRH30,SJSA1,MG63,A673	skeletal muscle tissue,skeletal muscle myoblast,skeletal muscle satellite cell,cell of skeletal muscle,skeletal muscle cell,myocyte,myotube,psoas muscle,gastrocnemius medialis,soleus muscle,muscle of arm,muscle of back,muscle of leg,muscle of trunk
SKCM	Skin	SK-MEL-5,RPMI7951,A375	melanocyte of skin,skin of body,suprapubic skin,lower leg skin,foreskin melanocyte,mole,skin epidermis,keratinocyte,foreskin keratinocyte,dark melanocyte,light melanocyte,epidermal melanocyte,outer root sheath cell,hair follicle dermal papilla cell,hair follicular keratinocyte,skin fibroblast,fibroblast of skin of abdomen,fibroblast of skin of back,fibroblast of skin of scalp,zone of skin,skin of palm of manus,stem cell of epidermis,Langerhans cell,immature CD1a-positive Langerhans cell
STAD	Stomach		stomach,mucosa of stomach,stomach smooth muscle
TGCT	Testis		testis,Sertoli cell,epididymis
THCA	Thyroid		thyroid gland
THYM	Thymus		thymus
UCEC	Uterus	Ishikawa	uterus,uterine smooth muscle cell,myometrial cell,uterine cervix,embryonic uterus,vagina
UCS	Uterus	Ishikawa	uterus,uterine smooth muscle cell,myometrial cell,embryonic uterus
UVM	Eye	WERI-Rb-1	eye,camera-type eye,retina,retinal pigment epithelial cell,iris pigment epithelial cell,non-pigmented ciliary epithelial cell,trabecular meshwork cell,corneal epithelial cell,keratocyte,lens epithelial cell,inferior rectus extraocular muscle,medial rectus extraocular muscle,superior rectus extraocular muscle,lateral rectus extra-ocular muscle,HCEC 1CT,vitreous humor
